account_id,created_at,account_age_days
ACC_280389155857,2022-08-10 16:37:35,1480
ACC_b125f178d436,2021-11-15 12:07:01,1748
ACC_88fe7e5abf9c,2024-01-01 06:51:09,971
ACC_0d95406be8c2,2023-09-29 15:38:25,1065
ACC_cbfa619a88c8,2023-07-24 06:58:45,1132
ACC_48ff73924a0d,2022-11-06 07:52:54,1392
ACC_3b84db8ace86,2022-07-14 05:46:26,1507
ACC_c3956fde3241,2026-04-20 04:39:23,131
ACC_016b87982cfc,2022-05-26 21:48:32,1556
ACC_9badae99b8f2,2025-04-01 15:57:05,515
ACC_56c29bcf270c,2021-12-06 13:04:07,1727
ACC_072b11d26d8e,2021-11-30 09:01:18,1733
ACC_edcc347452c4,2022-06-16 21:36:13,1535
ACC_6467e69e5d0e,2023-07-10 02:00:32,1146
ACC_4439cdae5749,2023-08-22 15:38:01,1103
ACC_bc047be86e66,2025-12-16 21:12:05,256
ACC_894d3f3394ed,2021-11-20 05:50:43,1743
ACC_f94103e57971,2026-06-08 12:38:42,82
ACC_d7160c10d49e,2023-05-09 13:35:22,1208
ACC_526ad32d1552,2026-04-18 20:57:43,133
ACC_bee754509e29,2025-03-25 04:50:42,522
ACC_116bcbb972d7,2023-07-15 16:25:26,1141
ACC_02a3ccc96767,2025-06-25 10:38:02,430
ACC_3a5db3de2e12,2024-01-11 02:34:57,961
ACC_2949b4ff7b59,2021-09-18 23:45:45,1806
ACC_4b9b79a2254e,2023-01-07 20:14:28,1330
ACC_3ec98ca4fa27,2025-04-03 19:35:37,513
ACC_8346af0c8448,2024-07-21 22:05:51,769
ACC_b45c4fe91ab5,2024-01-10 02:46:08,962
ACC_7b1234883cf2,2022-12-25 20:34:19,1343
ACC_6a63e4597a6e,2023-06-29 18:08:15,1157
ACC_052491763c45,2024-07-10 13:29:19,780
ACC_d650632ba638,2022-07-13 08:31:50,1508
ACC_91a6c22d876f,2022-06-13 22:48:41,1538
ACC_f8076d4327a9,2024-11-22 04:36:47,645
ACC_04c6c5ca0e7c,2022-06-26 06:52:33,1525
ACC_f7e96e86a14d,2024-09-18 02:37:20,710
ACC_db63b0cac835,2024-08-02 10:22:39,757
ACC_42e349ec83f2,2023-11-29 15:17:06,1004
ACC_5745f882d20b,2022-01-11 19:04:46,1691
ACC_fb1e668112f9,2025-07-27 04:22:54,398
ACC_09a0f05170f9,2026-03-22 19:14:40,160
ACC_1494fac2934b,2022-09-21 14:53:35,1438
ACC_60e5421997a4,2024-11-17 20:44:57,650
ACC_e46242634796,2022-05-01 14:56:54,1581
ACC_881ee34ad8d7,2026-05-10 22:18:47,111
ACC_a020afc39442,2024-02-26 16:08:12,915
ACC_e8047fb4b874,2024-09-26 08:38:31,702
ACC_a7834e31dec2,2026-07-28 13:40:35,32
ACC_45e5c8c5f3fb,2023-04-19 05:15:22,1228
ACC_31b613e3f6da,2022-04-02 21:35:17,1610
ACC_183ceb808166,2022-01-19 04:05:37,1683
ACC_75856f741dd9,2023-08-07 20:30:24,1118
ACC_cd8ad342d85e,2024-02-14 21:30:36,927
ACC_458db2a442de,2022-05-04 16:54:03,1578
ACC_4a222d9294cf,2023-08-23 01:19:35,1102
ACC_ab7794576b20,2022-07-09 14:23:33,1512
ACC_486c32efb11f,2024-11-22 19:26:45,645
ACC_5f7d7d1ab816,2024-01-10 10:23:39,962
ACC_684b2aa10cb3,2025-07-08 11:54:09,417
ACC_3ad7439c5f2d,2024-10-06 07:02:20,692
ACC_d5cfc1368073,2023-01-17 03:32:54,1320
ACC_b942f5816096,2024-10-22 21:52:24,676
ACC_93576bd83603,2024-09-06 14:05:01,722
ACC_9227fa8872da,2023-06-11 17:09:22,1175
ACC_c49c1545f0dd,2023-12-07 06:29:20,996
ACC_d32c24b2dce1,2022-04-08 15:20:13,1604
ACC_cc6fb116f1aa,2023-02-12 12:12:08,1294
ACC_b34d8e5a6b96,2026-03-16 07:32:08,166
ACC_06c3de01cb6e,2023-09-29 09:36:20,1065
ACC_acc2fe19beed,2023-01-19 11:21:10,1318
ACC_56ec4848b4d4,2025-08-04 23:47:59,390
ACC_ec8e4fc355e4,2024-11-20 17:25:43,647
ACC_1501e95e2aea,2023-12-16 11:56:55,987
ACC_e2c728ceaa6d,2026-05-26 04:21:47,95
ACC_7fe044ed442a,2023-07-13 02:52:26,1143
ACC_fa6821e9a069,2024-06-02 07:27:11,818
ACC_aceac4e318b2,2022-02-19 14:12:56,1652
ACC_300e658cdb6c,2023-08-11 10:14:31,1114
ACC_a6031366ea80,2021-12-07 12:44:50,1726
ACC_a791d32fbe14,2024-05-05 21:03:51,846
ACC_ab74ccb1cd05,2025-01-27 04:11:41,579
ACC_831b2bb79787,2023-12-09 15:23:13,994
ACC_54348d6e4128,2022-03-23 10:33:36,1620
ACC_b997f3cfe9aa,2023-06-16 07:12:02,1170
ACC_5b223fd4e9c0,2026-06-26 23:11:23,64
ACC_f9a53fe02354,2024-05-03 11:15:49,848
ACC_79483757b1d6,2023-06-21 09:45:50,1165
ACC_700e15b85ab4,2025-11-27 20:33:39,275
ACC_e9aa54171234,2025-01-09 23:37:57,597
ACC_04b3bfb0fdcf,2025-07-25 09:39:14,400
ACC_4b6f4caa0c08,2022-11-16 16:27:28,1382
ACC_c116b18591dd,2023-11-30 18:04:37,1003
ACC_69b7657b6cd6,2022-11-06 14:46:17,1392
ACC_ec825df83955,2023-10-05 01:03:35,1059
ACC_c185a35088dd,2026-06-08 21:49:19,82
ACC_86b8a0604f1e,2026-03-31 08:14:22,151
ACC_dcad275b0a2d,2023-11-24 02:36:51,1009
ACC_acbf4ced3c16,2026-08-20 01:04:15,9
ACC_2106685bd4f9,2025-04-21 21:31:16,495
ACC_af8b376aa56d,2026-08-16 18:32:55,13
ACC_533c771fd6c0,2025-01-21 16:38:25,585
ACC_03cd0c8db129,2024-09-27 11:35:29,701
ACC_aa9f9994f35c,2023-07-12 04:55:15,1144
ACC_8e57f6c0a19b,2022-11-02 13:56:32,1396
ACC_bb2111a569e0,2025-12-29 20:12:50,243
ACC_e760a8ee2194,2025-11-10 02:23:17,292
ACC_4aa348a724e4,2022-06-08 05:52:37,1543
ACC_d3904743d099,2022-01-23 04:25:53,1679
ACC_c37cfd6e12bf,2022-08-05 11:12:43,1485
ACC_caa546186733,2022-12-17 15:51:17,1351
ACC_5f87e63fabc7,2023-01-08 20:18:08,1329
ACC_403d9f58f23b,2025-04-02 09:42:30,514
ACC_6868b184343c,2022-03-15 04:08:57,1628
ACC_c02537aaf442,2024-12-07 05:30:36,630
ACC_63923b6917a7,2024-11-27 10:46:34,640
ACC_abcaa9e90ebe,2025-08-22 23:30:32,372
ACC_84b50be960e6,2026-02-28 16:48:18,182
ACC_6b24e4144ac0,2023-10-19 21:58:30,1045
ACC_c505776b213b,2026-05-14 14:41:33,107
ACC_1f1802887b8d,2021-10-04 11:16:01,1790
ACC_6ca6abca070e,2022-08-20 16:46:36,1470
ACC_d4b7aff7fe64,2026-03-25 02:35:23,157
ACC_2eba7712941b,2023-12-06 19:06:28,997
ACC_06379d01efdf,2024-07-21 16:30:06,769
ACC_47aedbf8e170,2022-08-11 09:06:46,1479
ACC_2ebaca67e653,2024-02-27 16:08:08,914
ACC_105cad2e38e5,2025-05-11 13:37:37,475
ACC_2840ab2e23b3,2023-01-03 04:16:36,1334
ACC_21a9e33989dd,2025-07-09 11:16:18,416
ACC_9e8dfc586b45,2021-09-08 21:10:05,1816
ACC_539bd3d479a3,2023-11-26 02:53:26,1007
ACC_8e4d413039e4,2025-12-02 01:35:09,270
ACC_8913b3da4b49,2023-03-07 20:25:47,1271
ACC_006c9c2ff8b7,2025-12-24 02:40:09,248
ACC_b08cff93c516,2022-07-26 09:44:45,1495
ACC_0715e0bf4532,2024-03-14 00:50:10,898
ACC_189ece95e0ea,2025-12-24 01:16:05,248
ACC_130ba65486a8,2023-05-09 19:04:00,1208
ACC_f83d26732fea,2022-12-17 15:42:07,1351
ACC_638ca7173e35,2024-11-03 12:13:02,664
ACC_e61383f4c0e3,2023-01-13 17:08:57,1324
ACC_930d142619b6,2026-04-01 14:11:42,150
ACC_0bad21ce8899,2026-03-04 13:12:57,178
ACC_680b1f829a32,2021-08-31 13:49:25,1824
ACC_bff60932e08f,2024-06-01 22:00:27,819
ACC_3330cf890af4,2025-10-25 20:15:44,308
ACC_6fb31cd2b66f,2021-10-29 07:28:16,1765
ACC_0529a4714df5,2022-08-12 08:38:31,1478
ACC_7de2446ba62b,2024-09-30 12:59:15,698
ACC_c0877b32f3c9,2024-04-11 05:05:43,870
ACC_22570981c6fc,2023-09-12 18:02:19,1082
ACC_c2cadeb86489,2022-02-25 18:23:37,1646
ACC_128ab58c56c9,2023-09-17 03:52:02,1077
ACC_9c3c0389b714,2026-06-27 12:22:46,63
ACC_0a4fb57ba8fc,2022-05-01 11:43:52,1581
ACC_2ef92ba4a5ad,2022-05-22 21:57:50,1560
ACC_5afc1a6f1aa4,2025-10-17 17:15:18,316
ACC_12c8360d3919,2022-04-01 20:02:20,1611
ACC_e2ccd258b4d2,2026-03-11 20:37:50,171
ACC_a1a0809169ad,2022-09-24 12:33:49,1435
ACC_af2dadfa3560,2022-10-02 16:44:29,1427
ACC_78a7216e2bce,2025-09-14 10:48:09,349
ACC_3f7f991f099d,2026-05-03 23:30:27,118
ACC_0b4036e68156,2023-01-24 19:56:18,1313
ACC_39496d27a94a,2023-12-01 07:14:04,1002
ACC_dd35ac4a4ae1,2026-02-24 05:23:20,186
ACC_1a5930afbbc0,2025-04-05 10:37:53,511
ACC_eff9e8bac835,2023-06-18 19:59:54,1168
ACC_325018fa3001,2026-04-01 08:00:39,150
ACC_7c15bbf7dfa5,2023-05-16 18:05:25,1201
ACC_ff20dc3e909f,2024-04-24 06:25:53,857
ACC_9919af84c948,2025-01-20 10:12:07,586
ACC_417771369605,2024-11-01 23:25:51,666
ACC_30211aad3912,2025-05-21 22:17:22,465
ACC_14e9b371e78e,2026-01-23 20:25:55,218
ACC_05987e27cefc,2025-07-02 12:25:36,423
ACC_346f761b62f1,2022-09-09 17:54:25,1450
ACC_4446991e1d51,2023-10-09 00:21:45,1055
ACC_9266e21ec509,2023-07-28 21:49:40,1128
ACC_4a989bf6c2fb,2022-03-16 17:17:49,1627
ACC_ffee3a645e7f,2024-07-15 04:40:01,775
ACC_5e7991da0008,2021-11-03 03:36:29,1760
ACC_93eb5c62ee91,2026-05-16 18:33:44,105
ACC_dea52aee2fc7,2023-08-14 17:46:41,1111
ACC_cd733e1ae6dd,2023-07-14 23:46:43,1142
ACC_0ae9c88a908c,2021-09-21 03:22:05,1803
ACC_2e15532c2990,2022-04-07 08:48:29,1605
ACC_c287d61b97c6,2022-02-28 17:07:34,1643
ACC_12653805cad6,2023-08-11 02:19:01,1114
ACC_444ae6700454,2022-03-27 04:54:44,1616
ACC_42f479d69f0b,2021-12-05 09:29:59,1728
ACC_1c136ef59ea7,2024-06-21 09:42:51,799
ACC_b4931817c297,2022-04-06 22:41:13,1606
ACC_231acf0c5c7d,2026-01-13 05:26:21,228
ACC_88b8b605bcf9,2023-09-08 06:05:30,1086
ACC_4e47f6ceeb21,2024-01-11 23:56:59,961
ACC_3c7868b81168,2025-10-15 22:18:30,318
ACC_c8483e193a9b,2023-06-26 09:50:03,1160
ACC_41fbbd518ae0,2026-04-01 03:22:35,150
ACC_7eab6ef2fb8c,2022-10-14 21:03:58,1415
ACC_08d8b1d7a8f2,2026-07-08 23:14:21,52
ACC_144a61e1d518,2026-07-25 00:38:04,35
ACC_94396748db90,2025-09-06 08:05:11,357
ACC_c3e6589a1d12,2023-09-23 18:22:02,1071
ACC_a045d069863f,2025-09-07 06:35:54,356
ACC_f62f4ef68a9f,2025-02-14 11:46:15,561
ACC_253d4e4876aa,2023-04-13 09:10:21,1234
ACC_1a494e3c1b9b,2022-06-18 20:37:17,1533
ACC_25af5b3688db,2022-06-26 22:51:54,1525
ACC_688cd493da54,2025-04-30 00:41:09,486
ACC_d0d1309cb6a3,2024-09-03 13:31:17,725
ACC_a527c969b10d,2025-04-06 19:29:29,510
ACC_f9738929f9fb,2025-02-27 01:11:15,548
ACC_1afc7928bca0,2025-08-19 19:03:47,375
ACC_e7623a688e72,2022-02-14 02:28:34,1657
ACC_f9920bd586d9,2022-07-01 13:44:54,1520
ACC_5f9e958df276,2022-03-06 02:47:18,1637
ACC_b63ffd106f66,2025-01-31 16:47:55,575
ACC_e52bf3d3c7db,2024-07-18 23:24:56,772
ACC_d10dc0e87491,2022-08-04 06:52:10,1486
ACC_6f4601d98ba4,2023-10-11 08:20:24,1053
ACC_d2580cbef118,2023-04-17 01:10:16,1230
ACC_48fc163fc287,2023-04-12 18:11:02,1235
ACC_eabb2f407af4,2026-03-22 23:32:38,160
ACC_4ddfecb3f8ab,2025-06-23 14:13:51,432
ACC_a672b01c8079,2022-11-08 07:55:47,1390
ACC_cff78ec69f6b,2025-04-01 12:57:18,515
ACC_2aed02ea1cd3,2023-03-22 21:02:23,1256
ACC_cf535efc8212,2024-01-12 05:00:41,960
ACC_a6af13291475,2025-08-06 03:13:45,388
ACC_8d3d9215e543,2023-10-14 22:05:55,1050
ACC_fe1d2301e36e,2022-04-21 00:17:05,1591
ACC_e7488490ac29,2025-06-06 13:24:11,449
ACC_61ff20bda206,2026-05-05 14:24:34,116
ACC_ef268ca8a270,2022-06-29 23:47:02,1522
ACC_0115b4d9167c,2022-02-02 23:19:09,1669
ACC_a1a39a8b33ac,2026-04-05 08:20:16,146
ACC_b0dac10c8ec7,2021-10-14 15:36:18,1780
ACC_37e59926b892,2022-06-15 13:21:23,1536
ACC_5065db8f779d,2023-09-03 04:54:44,1091
ACC_6d9b08c2e938,2023-01-28 12:14:06,1309
ACC_800506f1eb07,2025-02-12 11:36:31,563
ACC_a812f8d2443a,2025-10-16 15:12:25,317
ACC_8a3063fce1f3,2025-10-03 07:51:55,330
ACC_fda475711959,2023-06-24 21:20:00,1162
ACC_5324830c6048,2025-01-26 18:54:40,580
ACC_09cef1134a5b,2022-02-27 23:21:09,1644
ACC_1af226a36e6e,2023-01-23 07:24:48,1314
ACC_16c9c34c2534,2024-11-19 05:27:50,648
ACC_b54f148aead7,2021-09-05 11:53:46,1819
ACC_092c019c5d7f,2024-12-24 19:08:10,613
ACC_971bdc17e2a4,2023-12-01 18:09:11,1002
ACC_193cf350d2f6,2025-07-13 11:03:47,412
ACC_9ac9c54f6be4,2024-02-02 00:54:15,939
ACC_1ae1e38c643a,2025-04-05 00:54:14,511
ACC_7d53c9b6534e,2026-05-22 12:16:11,99
ACC_5612a7a58128,2025-10-19 20:01:51,314
ACC_d9370935222d,2022-12-23 17:40:05,1345
ACC_0af4cc65147e,2023-04-11 18:59:28,1236
ACC_03323285109d,2024-03-08 15:19:09,904
ACC_b64983110f83,2023-07-07 04:08:06,1149
ACC_4e802695a9d1,2022-02-27 12:00:37,1644
ACC_eee2653ab72c,2026-08-03 05:59:32,26
ACC_8dbcd9007745,2026-04-10 08:11:05,141
ACC_08ed5c32ee1b,2022-03-07 04:30:20,1636
ACC_594dbfc970e7,2024-04-30 03:14:59,851
ACC_e5f0b15ea621,2022-02-23 09:43:54,1648
ACC_84d8afc45df6,2022-02-01 14:03:48,1670
ACC_44009318fa40,2026-08-18 18:37:07,11
ACC_87a67dca3a9d,2025-09-19 03:06:30,344
ACC_ced7a44ae024,2025-12-09 02:25:18,263
ACC_a43b290a7d27,2026-03-06 22:48:55,176
ACC_796245700ba8,2022-12-31 22:12:54,1337
ACC_013e34c2685f,2022-02-22 12:25:42,1649
ACC_a24aebb864d6,2025-12-24 13:37:02,248
ACC_63416f5b0695,2022-05-05 16:43:25,1577
ACC_5b01ba68b7df,2023-03-30 03:17:37,1248
ACC_6b950f85afb6,2022-03-30 16:30:02,1613
ACC_1394e83611c2,2022-03-28 22:42:33,1615
ACC_55d23cb565d3,2023-08-30 13:15:13,1095
ACC_757dbc7abee6,2025-02-04 06:52:02,571
ACC_7a73e97e1af4,2022-09-06 06:34:24,1453
ACC_310ee96b062a,2026-07-04 17:15:27,56
ACC_e43c32696ff2,2023-10-03 18:19:37,1061
ACC_3ec83d5e01e0,2026-08-02 10:30:48,27
ACC_b451249c6f61,2021-12-31 06:31:59,1702
ACC_b1bbf9d24251,2022-05-11 12:18:21,1571
ACC_93c722905cf1,2025-03-24 06:51:18,523
ACC_9523f8f149e5,2026-08-17 04:56:24,12
ACC_2f223d0cb551,2026-06-20 21:33:15,70
ACC_c99cbcb62fab,2026-02-09 00:41:05,201
ACC_22482f3ff2e6,2024-05-08 17:25:31,843
ACC_41bbf5b2151e,2023-11-17 23:16:46,1016
ACC_819d2788626f,2023-05-26 09:50:59,1191
ACC_c94d1f7b2fb0,2024-05-01 22:25:37,850
ACC_cdce6b5d495e,2023-09-10 08:53:41,1084
ACC_a326a71b295c,2023-12-03 00:50:01,1000
ACC_4708329bc425,2025-01-10 11:06:42,596
ACC_f22399ad7e69,2022-10-10 10:10:18,1419
ACC_0214cbd2dd31,2024-03-18 20:35:00,894
ACC_e01d9937a244,2025-07-20 08:18:55,405
ACC_03ef3bebb3ff,2024-05-08 03:03:36,843
ACC_54aa26e4522e,2022-04-12 04:23:12,1600
ACC_3cf13407e7ba,2021-09-27 17:47:27,1797
ACC_18ddf174c9e1,2025-07-23 15:25:30,402
ACC_220c00a8bf78,2026-06-13 23:01:42,77
ACC_289b13f76901,2022-07-06 10:19:21,1515
ACC_4b0a5494786e,2022-04-14 09:53:42,1598
ACC_a29f9b5adf42,2026-03-27 04:06:24,155
ACC_8fb7cf9265a5,2023-06-23 01:07:02,1163
ACC_c3a19133e0f5,2025-12-18 12:40:36,254
ACC_01cb9dc58f3e,2023-12-01 17:57:22,1002
ACC_7398c61f2602,2022-10-15 07:51:26,1414
ACC_f72e406edf72,2024-08-18 03:09:53,741
ACC_52863777a195,2022-03-31 12:37:54,1612
ACC_b61c02377c49,2023-09-27 18:20:46,1067
ACC_4e6a6895273b,2024-10-20 21:07:01,678
ACC_00fb93c13c07,2024-02-01 05:22:49,940
ACC_f1a99ad2ae24,2023-01-01 21:38:11,1336
ACC_eb1fcc8ae1dc,2025-05-22 04:35:22,464
ACC_81dc709b5946,2026-04-13 12:26:48,138
ACC_f4e64f295490,2024-03-26 16:29:34,886
ACC_084488fa3c1a,2026-02-28 03:51:24,182
ACC_17aee29b89e1,2021-09-23 02:30:47,1801
ACC_5f16151e3298,2026-05-18 21:19:25,103
ACC_77ba90f16430,2024-03-16 22:28:38,896
ACC_261b16739af3,2022-07-17 15:08:57,1504
ACC_75bfc21daf3c,2022-10-21 00:39:04,1408
ACC_2fdf938ae6d7,2023-11-29 11:11:18,1004
ACC_6454d2a51657,2022-08-23 10:09:54,1467
ACC_e918cfab5055,2022-07-28 08:21:38,1493
ACC_3ebeec93669d,2026-05-14 14:31:29,107
ACC_5d73e402da24,2022-12-25 18:12:58,1343
ACC_4a5c071b8419,2023-12-23 22:56:05,980
ACC_c2c271a2f2f1,2024-01-22 04:27:01,950
ACC_a47e0c0f42c6,2023-06-15 04:51:54,1171
ACC_23c6efd82304,2024-07-30 02:11:14,760
ACC_9d854f00a876,2023-05-24 08:29:44,1193
ACC_dabfa50b999f,2023-11-27 23:14:46,1006
ACC_0d2f6434726f,2025-12-17 01:12:39,255
ACC_8fea79fff4b2,2025-10-25 14:45:18,308
ACC_1c692c82628d,2023-10-19 00:08:15,1045
ACC_57d64789e10a,2022-02-03 15:01:12,1668
ACC_d8aca050b025,2022-06-12 13:27:08,1539
ACC_b5a8dac6c9fc,2025-04-06 19:16:43,510
ACC_6d6039f9b17b,2024-01-06 09:57:11,966
ACC_41fee58c6997,2022-01-13 18:31:38,1689
ACC_88a01a687743,2021-09-09 19:33:56,1815
ACC_3bc60bc518a1,2024-07-01 02:57:29,789
ACC_72fb79e6c568,2022-10-10 05:48:02,1419
ACC_67012619e3ce,2023-11-21 15:58:49,1012
ACC_ddf99587ef6d,2023-01-13 19:36:19,1324
ACC_514edf80de58,2025-06-02 12:49:24,453
ACC_460f0d6b2e5d,2026-05-09 19:27:13,112
ACC_1a4f9b6db903,2025-04-19 13:49:40,497
ACC_5b9a7110796d,2026-06-07 11:25:39,83
ACC_b7ce60e64521,2021-09-28 20:12:18,1796
ACC_8b03bf511b31,2022-08-12 09:06:04,1478
ACC_e1ba5e91a2de,2022-04-20 13:46:06,1592
ACC_362821cf84f7,2022-12-05 21:28:23,1363
ACC_c2d5967eb4a9,2026-04-20 21:20:27,131
ACC_9aeb0758705c,2021-12-19 17:37:57,1714
ACC_ff6aaf95de05,2024-10-19 21:55:09,679
ACC_007c1dc1288d,2026-08-13 14:14:29,16
ACC_3064bc9d97b1,2026-05-12 10:26:14,109
ACC_7ad008f0ee45,2022-12-02 21:51:11,1366
ACC_c840864ab43f,2025-04-26 02:24:01,490
ACC_6e06c94d0b5d,2022-09-29 18:12:24,1430
ACC_5d4224ab6015,2022-01-06 18:09:57,1696
ACC_ec7e6c2faeeb,2024-04-13 12:35:18,868
ACC_54e077bf7614,2024-10-05 17:34:02,693
ACC_655499402612,2021-12-31 17:57:26,1702
ACC_d5b2c5130426,2024-09-14 11:22:12,714
ACC_3827197d0962,2023-06-13 11:37:18,1173
ACC_d78b735888d5,2023-10-14 01:27:56,1050
ACC_1c4895169479,2022-07-15 04:01:40,1506
ACC_72d153ce6daf,2024-09-01 15:22:12,727
ACC_f597d5244064,2026-06-04 07:07:15,86
ACC_00c18eac9e5f,2025-02-12 08:52:27,563
ACC_5de47e2240c8,2022-12-22 23:30:43,1346
ACC_50a9b0ab32ee,2023-09-04 07:35:40,1090
ACC_b04ce14eb015,2023-01-16 16:11:23,1321
ACC_84810ee33582,2023-03-02 21:09:41,1276
ACC_b4a544bba761,2025-03-02 18:04:46,545
ACC_e23de7f9866c,2021-11-14 19:23:07,1749
ACC_0ec271134985,2023-03-10 01:16:49,1268
ACC_91b38de09f58,2024-06-26 20:43:24,794
ACC_f836e2528cea,2025-02-28 22:44:18,547
ACC_4f2931a59d88,2023-10-09 19:52:14,1055
ACC_4c3297f0e2d8,2023-12-06 17:39:20,997
ACC_7ef08dbd11fc,2023-01-06 09:49:53,1331
ACC_a55a27163c29,2022-07-31 15:22:26,1490
ACC_26d31785b3c0,2024-11-30 07:33:29,637
ACC_a858ec67a7a7,2021-12-28 02:41:44,1705
ACC_f09805bdd207,2025-08-31 04:22:18,363
ACC_feee57898840,2023-07-21 21:02:24,1135
ACC_eab5bdfdf46a,2023-05-11 20:24:31,1206
ACC_d58b0ace94ab,2025-07-29 21:52:37,396
ACC_424ed9bccb5f,2024-08-20 03:36:06,739
ACC_e4737cecd2ef,2024-04-03 23:51:37,878
ACC_2773d94fb517,2023-08-06 21:55:47,1119
ACC_2e51d85d3880,2023-07-23 09:33:53,1133
ACC_bc84ac6ec126,2021-11-11 07:43:41,1752
ACC_f6272ce21de0,2023-04-21 19:58:51,1226
ACC_40848d20846c,2025-01-18 18:57:25,588
ACC_3719703bc267,2024-06-14 16:09:54,806
ACC_1a45b803ed6f,2024-01-12 09:19:46,960
ACC_15c1f95e84af,2022-04-02 11:33:59,1610
ACC_0de32224a2af,2024-01-14 00:14:53,958
ACC_fd4e4254abe4,2024-08-24 18:31:59,735
ACC_f2df74d66caf,2025-12-29 11:13:12,243
ACC_d56741cdd617,2025-01-22 13:21:37,584
ACC_9c112fe7a262,2026-03-22 18:19:22,160
ACC_5d0ea0e0b2f3,2024-06-23 15:30:13,797
ACC_0f7a1f0d3dab,2021-11-23 13:13:31,1740
ACC_f7028427b078,2022-08-23 03:41:02,1467
ACC_ced5a06d5c7f,2023-11-19 08:47:48,1014
ACC_42711fb6de3d,2023-03-07 14:09:41,1271
ACC_c084f8db6bfb,2026-08-07 15:05:17,22
ACC_493918cbd45e,2023-12-02 13:47:12,1001
ACC_e2fcd9d0072a,2021-12-26 15:50:36,1707
ACC_11a85db8c8a1,2022-08-01 14:15:35,1489
ACC_333811f0b5d5,2025-05-10 22:36:08,476
ACC_534f80d6bbd1,2024-08-07 19:28:44,752
ACC_289bcbe36a22,2024-04-30 08:39:21,851
ACC_b05736cc12d6,2025-05-16 15:03:59,470
ACC_7c130336db63,2026-01-04 17:38:50,237
ACC_db9e579c70a3,2022-08-24 02:21:17,1466
ACC_dbf4bf29527d,2024-12-08 13:25:58,629
ACC_0c5005c2ccbe,2026-07-26 04:42:02,34
ACC_24236f2685bc,2023-04-12 08:28:50,1235
ACC_defbf8fdbfe7,2023-10-30 04:40:00,1034
ACC_9db241f76d11,2022-01-14 16:52:46,1688
ACC_061480774f85,2025-05-15 13:59:07,471
ACC_64a7c66bb076,2021-09-04 01:17:26,1820
ACC_11faeeb8789d,2026-01-31 03:15:03,210
ACC_6a7ba9650ead,2026-03-29 17:04:14,153
ACC_2dd650e4b678,2023-05-03 23:11:03,1214
ACC_a1212b43e997,2024-10-04 09:30:05,694
ACC_76e07f5ed468,2025-04-30 19:02:42,486
ACC_9e9d0f4579ad,2022-04-04 04:48:18,1608
ACC_3ecb9b2534bf,2024-06-20 16:40:44,800
ACC_66fb9646801f,2024-05-01 02:25:36,850
ACC_4ad1ed475b0e,2022-09-20 23:55:01,1439
ACC_c748eb7fd2a4,2024-03-19 20:49:53,893
ACC_6a5e9212697e,2025-12-22 08:58:29,250
ACC_0b87abf47016,2024-04-16 17:06:57,865
ACC_d46b80cae322,2025-02-18 15:09:45,557
ACC_7d48885acc92,2024-06-08 05:08:24,812
ACC_e147d14061f8,2025-01-31 00:19:39,575
ACC_edbfeb7c1db4,2024-03-05 08:49:46,907
ACC_54e7e307642c,2026-05-18 07:10:15,103
ACC_737d16ff2200,2022-09-29 06:26:47,1430
ACC_65b49b15afaa,2023-04-17 19:48:51,1230
ACC_524438700718,2025-03-28 01:55:51,519
ACC_928d255cf016,2024-11-19 18:18:03,648
ACC_39a759f3ee68,2023-02-21 11:35:56,1285
ACC_c6bd461a6a30,2026-07-02 22:44:37,58
ACC_d8ec66b76369,2024-03-21 19:37:45,891
ACC_758aa6bbf1aa,2025-02-11 10:20:21,564
ACC_ae4f8a971a7c,2026-04-28 04:20:22,123
ACC_643508085bfd,2021-08-31 01:26:56,1824
ACC_ebeb06f4f38c,2024-03-30 21:44:19,882
ACC_a21fb1563890,2024-02-07 05:01:02,934
ACC_53251fd9d9c5,2023-06-13 19:32:12,1173
ACC_f8d986bc06f2,2025-04-26 09:57:48,490
ACC_8aff884e3987,2026-08-05 17:58:46,24
ACC_2f4b22ba32b7,2024-05-26 23:49:27,825
ACC_420450944e51,2025-08-13 11:12:44,381
ACC_b64d53a3c8b4,2025-06-02 09:07:58,453
ACC_93e5f1c85211,2025-06-03 13:00:14,452
ACC_6df91f5fbeca,2023-06-24 17:54:41,1162
ACC_9db68aff115f,2026-01-03 23:04:32,238
ACC_05935eb86fd4,2025-09-07 22:29:56,356
ACC_27d9cf3367df,2023-02-08 00:17:14,1298
ACC_91282caf5e4e,2022-05-20 05:59:36,1562
ACC_899f38d2242a,2024-01-28 11:49:41,944
ACC_179889c8e15d,2026-01-17 06:04:02,224
ACC_2c32af8b39c5,2024-07-06 04:37:41,784
ACC_bc19ec3bace7,2022-06-15 22:38:02,1536
ACC_7cba2dc1d59f,2023-08-29 12:15:06,1096
ACC_dbd60e0cf1dd,2024-04-20 05:43:58,861
ACC_217e94f8b871,2023-07-28 17:36:07,1128
ACC_31050a91fd42,2023-05-10 11:23:02,1207
ACC_851ed72ce5a0,2022-11-30 14:41:16,1368
ACC_0f0e7fa88a5d,2021-11-13 16:28:08,1750
ACC_e1ec08102cf7,2022-01-20 09:07:29,1682
ACC_4dc49a6858b3,2023-09-29 11:57:47,1065
ACC_f1a5c4399297,2025-09-13 23:54:48,350
ACC_437436064d39,2022-04-13 01:38:47,1599
ACC_6f919c026b4b,2025-07-14 17:28:14,411
ACC_4a8160f15201,2025-03-09 10:08:28,538
ACC_ff28371a71ce,2026-07-23 08:18:48,37
ACC_693a55262edc,2023-04-25 21:19:18,1222
ACC_b6363398f1ae,2024-12-04 18:41:23,633
ACC_76ff3ace4d2b,2025-11-12 18:36:49,290
ACC_9dc7e700d323,2025-01-22 11:27:26,584
ACC_f72e3974f82d,2023-09-26 19:58:43,1068
ACC_b2d78ea59e52,2022-12-01 06:53:48,1367
ACC_713d42f48068,2021-09-16 00:37:52,1808
ACC_5c87b3c8940b,2022-07-26 22:54:17,1495
ACC_39c77170aa61,2025-04-11 16:22:41,505
ACC_72de5c765785,2023-07-10 17:09:28,1146
ACC_62bee205c742,2023-02-27 06:14:28,1279
ACC_a75563dc1567,2026-01-25 00:54:33,216
ACC_3b7b369dc200,2025-08-12 02:31:49,382
ACC_845baaf3ab30,2022-02-01 19:44:02,1670
ACC_3e8228411a25,2026-05-27 14:22:07,94
ACC_613e73ebb4b1,2023-10-13 00:45:00,1051
ACC_7522942c169c,2022-09-10 20:19:59,1449
ACC_02efbf2bb3d8,2025-07-17 23:26:27,408
ACC_1ed2d305151f,2022-10-18 01:39:50,1411
ACC_bf2ae566d395,2025-08-12 09:29:27,382
ACC_716075626b64,2026-03-06 23:14:36,176
ACC_8e4ea25f3897,2026-06-01 07:40:13,89
ACC_8bca859b9cfb,2024-05-11 14:37:49,840
ACC_202decac8c4a,2025-06-04 19:50:47,451
ACC_c0f43a5f2fa0,2025-12-15 02:10:04,257
ACC_59d1221330a2,2025-04-16 15:16:37,500
ACC_f02943568df1,2026-04-27 23:28:25,124
ACC_a3e5d3ee36f5,2025-06-15 04:54:30,440
ACC_20bb048cf4d3,2023-01-06 06:51:12,1331
ACC_4f5a4d67eabe,2025-09-12 13:28:16,351
ACC_bbec1d681f02,2025-06-28 02:48:49,427
ACC_933310ddf129,2023-11-13 01:54:09,1020
ACC_2b687a10261b,2023-10-06 22:42:39,1058
ACC_1df74aaca630,2024-01-08 09:00:46,964
ACC_67905a45171e,2026-02-04 10:06:41,206
ACC_27433d692b7f,2025-10-13 09:21:09,320
ACC_9c78cdb7aee3,2023-09-12 02:38:41,1082
ACC_e69420caa834,2023-12-30 22:38:58,973
ACC_dd70e3f51632,2025-05-27 10:27:29,459
ACC_197feb7f1a79,2022-04-27 12:45:27,1585
ACC_146921935908,2024-02-03 12:36:55,938
ACC_17e4b0550513,2023-08-28 08:17:19,1097
ACC_e617026294ed,2023-12-21 23:43:37,982
ACC_96aee2f687bf,2024-07-08 05:47:15,782
ACC_fab5210e6993,2024-05-19 02:27:10,832
ACC_00a8df69084d,2026-04-03 23:50:56,148
ACC_04c1aa3bafba,2022-05-07 03:29:08,1575
ACC_61477495b89b,2022-11-02 17:05:52,1396
ACC_955ad1662877,2022-12-11 09:55:45,1357
ACC_738eff8ac881,2023-08-18 07:17:09,1107
ACC_6af5e59022e4,2024-12-01 20:21:41,636
ACC_784f2b461c60,2022-12-17 13:09:58,1351
ACC_87d90291de51,2023-06-25 12:39:46,1161
ACC_43ff29540990,2022-03-17 08:25:49,1626
ACC_0997c4be43e6,2025-03-10 17:58:21,537
ACC_a0e4d1079e3c,2025-02-16 03:59:31,559
ACC_68d890b04ae3,2024-06-22 19:29:04,798
ACC_87478fcb0db5,2026-04-11 15:11:57,140
ACC_3c50fb1fb974,2025-08-16 09:00:51,378
ACC_ee78bd905322,2025-03-13 13:33:14,534
ACC_055b4c96be03,2022-03-11 06:02:53,1632
ACC_b66449242673,2023-06-03 09:52:11,1183
ACC_36c2b9a8b3f1,2025-03-27 03:21:05,520
ACC_d786340ec355,2024-12-21 20:40:32,616
ACC_b19c54530c86,2026-08-18 11:17:51,11
ACC_b774b4e39cc6,2021-10-29 11:35:16,1765
ACC_70363f361c84,2026-07-23 09:45:49,37
ACC_5114f69f230d,2024-11-23 14:26:43,644
ACC_912d4c8ed3bd,2025-09-19 17:22:00,344
ACC_c26c81e96784,2021-09-17 02:49:24,1807
ACC_0dd9f0134c5c,2024-08-26 16:13:03,733
ACC_47a65732fe4d,2024-03-14 13:21:11,898
ACC_aa1c075d0baf,2024-12-23 10:41:31,614
ACC_cea767afe1c9,2025-03-23 15:40:16,524
ACC_0ecdfffa1fee,2026-03-28 23:48:50,154
ACC_a7f7b1ceb60e,2026-04-22 13:45:22,129
ACC_64d792b01fc9,2023-07-15 23:44:12,1141
ACC_5d839a6174d2,2025-10-24 16:12:31,309
ACC_1b10fd609d73,2023-07-12 12:26:35,1144
ACC_ffb9332e16b8,2023-12-25 18:42:43,978
ACC_cf7e7a01a00b,2025-05-14 21:27:57,472
ACC_00543ce40741,2025-10-16 15:16:19,317
ACC_6881db3fe296,2021-11-27 23:25:39,1736
ACC_bcf494bd5c81,2024-12-19 22:28:28,618
ACC_a5464895b628,2024-07-09 02:48:54,781
ACC_b020ef385891,2025-02-05 23:12:57,570
ACC_8af374719af8,2023-01-24 13:48:25,1313
ACC_223345c49785,2025-08-20 22:18:55,374
ACC_c0e6c9770bb7,2022-09-30 07:47:52,1429
ACC_26a25cf2daba,2026-03-16 06:19:29,166
ACC_9405fe694edb,2021-11-21 13:56:39,1742
ACC_8ba2e2ac0c91,2025-01-04 23:27:34,602
ACC_6495f47cbf1b,2026-06-18 07:17:47,72
ACC_f3f17705144b,2021-11-22 00:03:19,1741
ACC_cb8f719acdf4,2022-05-17 14:45:22,1565
ACC_e49ef3167bf1,2025-04-22 10:51:52,494
ACC_75c2fd74111f,2022-10-25 09:40:00,1404
ACC_b0acf525b5e7,2025-08-03 05:54:41,391
ACC_bd8d97ae6cb2,2023-03-17 09:52:42,1261
ACC_ea56551a9b64,2022-02-02 00:40:26,1669
ACC_eac4f4ab497e,2023-11-16 01:50:26,1017
ACC_4fc89233821f,2024-11-19 15:12:47,648
ACC_00b0021ec2cb,2024-06-11 20:21:50,809
ACC_7c81b8a8f329,2023-06-18 09:42:53,1168
ACC_9aba197f4663,2025-07-12 12:01:09,413
ACC_f4dc883adce1,2024-06-10 06:34:11,810
ACC_45ff8a6b15c9,2024-07-13 09:02:41,777
ACC_1e80d6de3b6d,2024-11-19 16:52:46,648
ACC_61e504ac2300,2024-01-11 07:29:49,961
ACC_b089c17e089b,2025-03-31 13:19:55,516
ACC_32f6a3f8f34a,2023-10-22 13:54:30,1042
ACC_8fb273f563d3,2022-05-11 06:33:04,1571
ACC_3a8a18b696b8,2025-08-29 23:47:58,365
ACC_196ad149ee12,2021-10-29 00:30:08,1765
ACC_349578e18c5c,2026-04-01 17:10:47,150
ACC_a2e950ddb288,2022-02-07 14:57:50,1664
ACC_74f4e47d3aa6,2024-08-21 02:06:52,738
ACC_dc4b895ad8ac,2023-07-27 10:23:46,1129
ACC_b3dc6d5a0592,2022-03-30 23:44:11,1613
ACC_df6973cebc4a,2022-01-01 21:02:39,1701
ACC_48cc2838a351,2021-12-04 04:56:39,1729
ACC_87c960214683,2023-10-07 01:57:34,1057
ACC_32a166611989,2023-05-11 04:35:23,1206
ACC_4e9c79a80d40,2021-11-01 02:49:27,1762
ACC_c02b4de94118,2022-12-16 05:37:52,1352
ACC_53c5619bc3d9,2023-09-09 22:22:48,1085
ACC_e741ecf7d1b2,2022-09-25 22:53:53,1434
ACC_0b1b35254d74,2025-09-09 02:27:07,354
ACC_99a5afacc1d0,2022-08-20 04:40:31,1470
ACC_232fad40ddcf,2026-06-16 23:47:58,74
ACC_1fb461439436,2023-07-07 23:47:39,1149
ACC_b0c04d1b9784,2025-08-13 14:37:37,381
ACC_628148f0d0d6,2023-11-03 22:05:41,1030
ACC_f4aeae4cd0ba,2024-10-18 21:59:52,680
ACC_d16e1af551ba,2023-02-02 02:26:43,1304
ACC_54d4d513c9d3,2022-08-20 15:22:10,1470
ACC_87940863c686,2023-01-20 14:26:36,1317
ACC_6ec484c6e101,2024-04-22 03:55:22,859
ACC_c376624d8429,2022-07-31 15:36:25,1490
ACC_7faca1f1e796,2026-08-01 17:02:29,28
ACC_e0d28bb8a7de,2021-11-17 13:54:06,1746
ACC_9a06f352118e,2024-04-25 00:23:53,856
ACC_18aaa40cd400,2026-07-23 17:41:44,37
ACC_ba9d36732b4c,2024-11-07 20:05:42,660
ACC_9ceab3738298,2025-01-13 03:52:42,593
ACC_061e55245d7b,2023-05-07 23:43:12,1210
ACC_9492df436591,2022-04-22 21:53:16,1590
ACC_e7ea40b79103,2023-09-23 07:20:33,1071
ACC_90e06ef1db84,2022-07-12 09:29:30,1509
ACC_f4ba0c825d7a,2024-03-23 18:48:52,889
ACC_440dac419235,2022-09-09 21:41:58,1450
ACC_be65b4a38b18,2026-06-23 02:10:10,67
ACC_edfb8fd3166c,2022-01-04 09:30:59,1698
ACC_af2b39d86359,2024-08-12 12:34:08,747
ACC_2cac00af3ddf,2026-03-11 23:32:41,171
ACC_c817941bb08e,2025-04-21 17:21:34,495
ACC_7a800eb796a2,2024-10-24 02:56:51,674
ACC_d6b8dd924eda,2022-04-01 00:58:00,1611
ACC_63ca6210dd60,2025-12-18 18:21:03,254
ACC_2dd2faf86c8e,2024-07-24 23:13:14,766
ACC_25947a6e73d9,2021-10-08 02:35:32,1786
ACC_b6853ac0adf2,2025-03-26 21:01:47,521
ACC_3997f62746b5,2025-10-30 19:16:06,303
ACC_85de2aee998f,2022-07-23 16:43:42,1498
ACC_bb7823aedf6b,2025-05-07 17:01:39,479
ACC_9411dd7b26ed,2024-09-28 01:52:38,700
ACC_5b5acf978dfb,2025-07-28 03:49:49,397
ACC_06c119694c6a,2022-12-18 03:01:36,1350
ACC_d751bb4f6dc2,2025-05-13 19:27:18,473
ACC_a8f46a3a99e3,2023-02-28 00:54:12,1278
ACC_cd84d1871b54,2026-02-05 19:26:13,205
ACC_5cdf6d0ab7c4,2023-12-16 21:58:58,987
ACC_746f0d46e0fb,2026-03-28 20:15:37,154
ACC_73bcc7d76d7c,2025-10-09 23:22:01,324
ACC_5c1f4761e045,2025-08-13 02:40:51,381
ACC_c4d5c987a2b0,2025-05-14 01:58:04,472
ACC_f1fad0e0bdb8,2023-12-11 16:12:07,992
ACC_2b9d15a08db8,2024-05-27 03:57:04,824
ACC_24e227aa67ea,2023-10-01 12:37:34,1063
ACC_6c33d41538fe,2022-05-26 01:14:02,1556
ACC_f328d5aab7e8,2024-01-13 09:34:38,959
ACC_53b6d48eb59b,2025-06-30 09:24:48,425
ACC_1a8f6fade4c7,2023-09-26 10:57:20,1068
ACC_c193a6a9f746,2025-08-12 14:21:17,382
ACC_8fdb41e6b1e5,2026-07-05 06:14:57,55
ACC_421692ef736e,2024-11-19 06:40:14,648
ACC_cb74edf0fa5a,2024-07-09 22:43:49,781
ACC_0341b9070173,2021-11-26 23:12:24,1737
ACC_1a6ec3c4dda4,2025-11-12 13:20:38,290
ACC_b04f85e9d77a,2024-06-04 13:59:34,816
ACC_d7a0c0d8ea1a,2023-03-17 18:08:32,1261
ACC_54df9eac2f44,2025-10-22 13:32:17,311
ACC_7aa35e9bafdc,2023-06-19 19:58:56,1167
ACC_f24377929e22,2024-09-05 04:50:48,723
ACC_7e39114158f6,2023-11-10 11:19:55,1023
ACC_9bcd82b46358,2024-07-22 04:41:00,768
ACC_66e3bf8abf60,2024-01-15 16:01:40,957
ACC_a2985a017c43,2024-01-05 03:15:29,967
ACC_2079dce9d58e,2026-05-22 13:57:46,99
ACC_76f0d70b7afb,2021-09-30 08:06:06,1794
ACC_982de5a6dd20,2026-01-20 21:41:59,221
ACC_50e942a0eee4,2023-04-15 09:22:47,1232
ACC_787fc22898c5,2022-05-22 18:56:42,1560
ACC_e7b2e68d9f3f,2023-09-18 15:59:29,1076
ACC_efc34c0195ed,2025-02-12 12:39:26,563
ACC_5aa6a98c481a,2025-10-25 18:11:05,308
ACC_88d94210fa59,2026-05-20 16:07:06,101
ACC_cf75fc127e30,2023-09-15 11:01:52,1079
ACC_61def162c39d,2025-09-16 23:15:18,347
ACC_b481f7970c13,2025-11-01 17:28:16,301
ACC_31f7a41520d1,2025-06-22 05:29:46,433
ACC_1ef9dcc7d7ba,2021-10-22 08:55:51,1772
ACC_a671bed62ca0,2022-06-14 21:44:26,1537
ACC_e7ab196fc9d9,2024-02-29 22:58:30,912
ACC_72624829f55e,2023-07-19 06:36:19,1137
ACC_8f7bce1d7c46,2025-02-06 05:30:48,569
ACC_e46dd0f7e20f,2023-09-24 17:19:40,1070
ACC_1673de95c0ef,2024-04-07 03:33:23,874
ACC_3eadd341ae19,2026-08-10 15:06:27,19
ACC_37e2c1278db0,2024-10-19 07:20:21,679
ACC_b28fe76a1e63,2025-09-08 04:02:23,355
ACC_81bfa82ba73c,2026-05-15 09:06:52,106
ACC_0b341d2ec660,2026-03-06 07:35:19,176
ACC_4954ad3e55e9,2024-08-01 19:35:20,758
ACC_5c8c289a313e,2025-04-12 19:02:37,504
ACC_d880e68b54f0,2026-05-05 19:07:08,116
ACC_67f6488e4612,2024-06-22 12:46:01,798
ACC_2f55afa0efb0,2024-08-26 20:04:26,733
ACC_8403cddf06e3,2025-07-09 12:52:45,416
ACC_f77ceeb3abe0,2023-12-19 12:10:22,984
ACC_50ee8b51f7d5,2024-04-08 10:38:50,873
ACC_95272de50c34,2023-10-19 21:11:48,1045
ACC_1ddc6fe649dd,2023-08-16 01:20:32,1109
ACC_b06366566dfb,2022-09-08 15:56:04,1451
ACC_6137d15afa4c,2023-04-20 03:18:20,1227
ACC_81e140cbd441,2024-05-06 04:08:24,845
ACC_3c116eec6bef,2022-09-05 05:49:39,1454
ACC_edb28b2c535b,2026-03-21 16:05:34,161
ACC_9a5f4b910dc1,2023-03-28 00:57:11,1250
ACC_6fa9ef294fcf,2023-04-16 21:30:36,1231
ACC_9367674d840f,2023-07-03 01:59:17,1153
ACC_1e89dabde6f5,2025-10-12 03:38:36,321
ACC_77e2c8321382,2024-01-05 20:29:11,967
ACC_34ceef157050,2026-02-14 18:56:25,196
ACC_ee47dba87177,2024-01-26 01:05:32,946
ACC_16e1e8e8062a,2022-07-08 02:56:59,1513
ACC_fc344ea155bd,2023-04-24 21:38:09,1223
ACC_0cfc018fda69,2024-03-07 04:55:02,905
ACC_dceb04133aa6,2023-08-06 13:33:15,1119
ACC_f43d430a2265,2024-09-24 00:25:22,704
ACC_ca164b3967bb,2023-03-10 07:18:41,1268
ACC_4e3f743caded,2024-03-25 21:53:07,887
ACC_8dd369d073d0,2021-10-12 18:09:30,1782
ACC_7df8e26cabad,2026-03-16 07:10:45,166
ACC_0620b570317c,2022-09-27 01:53:22,1432
ACC_9a7eb07cc607,2023-12-30 01:18:55,973
ACC_bc61cdfd64f9,2022-01-18 05:04:35,1684
ACC_d95116d43838,2022-02-15 04:56:04,1656
ACC_27c2f306c511,2026-05-15 00:36:54,106
ACC_7d0660918a04,2024-02-23 10:28:00,918
ACC_006e8f7668ab,2022-09-26 03:15:40,1433
ACC_31c884cfc684,2025-11-01 21:44:55,301
ACC_aaa94f076ff0,2022-07-14 12:40:08,1507
ACC_0bc6160e5578,2021-10-06 21:45:16,1788
ACC_d36819ce77a0,2026-07-18 08:30:39,42
ACC_fb956173653b,2024-01-30 05:03:25,942
ACC_76d1afd8a48b,2025-08-27 03:57:10,367
ACC_dbf46f3d431f,2025-09-25 02:41:54,338
ACC_f9f2eeeb8420,2025-05-29 06:54:51,457
ACC_2757c20f6e04,2024-07-23 08:03:21,767
ACC_baccf96e09b0,2023-03-25 14:19:53,1253
ACC_018f2bd514e1,2022-02-05 10:06:21,1666
ACC_77d677dd76b5,2023-10-23 05:19:58,1041
ACC_46c5a0403f16,2025-09-22 01:15:01,341
ACC_adb2a1eebe6d,2022-08-19 06:08:00,1471
ACC_f5c638c27b0f,2022-03-20 19:32:22,1623
ACC_1282b7c44e27,2025-01-25 18:05:32,581
ACC_7ba677b277d5,2025-11-04 14:27:41,298
ACC_35b2eda8749f,2022-04-16 23:08:49,1596
ACC_46517ee9e61e,2026-07-27 12:59:44,33
ACC_7866705eb84d,2022-02-12 08:33:44,1659
ACC_ec2b64f5f997,2022-12-14 04:45:57,1354
ACC_c0e16fbf4bf7,2022-12-06 08:09:28,1362
ACC_1133a7f57108,2026-06-13 11:32:30,77
ACC_31ccaff32c4b,2024-03-30 18:47:53,882
ACC_2aa8904f56ae,2022-05-21 10:43:42,1561
ACC_9931585d7641,2023-10-09 21:38:20,1055
ACC_907c83b4853f,2022-09-01 19:34:07,1458
ACC_235df608aa59,2026-05-29 16:07:16,92
ACC_2a10c2e900e9,2025-03-14 19:21:50,533
ACC_eb64d426b2bc,2023-07-31 23:37:56,1125
ACC_cb7e776e682c,2026-02-08 09:00:44,202
ACC_44da3700f3c7,2024-11-23 14:13:17,644
ACC_55533b1ce9db,2025-06-29 11:58:22,426
ACC_128b8c1c8dc6,2025-06-05 06:51:02,450
ACC_542f4fe9d785,2024-03-10 15:26:10,902
ACC_d4b57973dd83,2025-04-23 03:03:00,493
ACC_ce5a9632f6c2,2024-04-04 13:58:52,877
ACC_dbbb3431f5ef,2026-07-01 11:15:58,59
ACC_a64658d5a365,2022-03-04 22:16:37,1639
ACC_c367db71c6ba,2022-07-04 02:34:16,1517
ACC_547f03e21d9c,2023-06-06 08:58:08,1180
ACC_7baa41be8e9b,2023-06-16 10:21:33,1170
ACC_259d8f7ee60a,2023-11-30 00:37:31,1003
ACC_e1a3b1b2dbd6,2022-05-09 00:57:23,1573
ACC_09608149d7a8,2022-12-30 18:12:20,1338
ACC_6323601c05da,2023-09-14 00:49:26,1080
ACC_94969203c58a,2023-02-20 19:39:27,1286
ACC_515a149590e2,2026-05-10 18:42:18,111
ACC_49322960fc13,2022-04-20 00:25:21,1592
ACC_0a44bfa76441,2022-12-29 03:05:53,1339
ACC_f45cf3b996d0,2021-09-07 02:41:47,1817
ACC_4ed257497b8a,2025-02-19 00:27:28,556
ACC_92eace16fb6c,2025-06-29 11:10:14,426
ACC_03bc35dd8e93,2025-08-28 18:23:38,366
ACC_4eb5eadd8787,2024-02-20 17:02:49,921
ACC_182cdfd04aa4,2021-12-09 04:59:03,1724
ACC_b02304c0d13a,2023-08-18 23:17:56,1107
ACC_85416ba3c6e8,2024-02-10 21:50:14,931
ACC_82b2ea0089e3,2024-01-25 04:11:23,947
ACC_c0571c299e13,2025-07-10 10:12:34,415
ACC_0b96f13433d8,2022-04-07 22:43:39,1605
ACC_f041b2d0cbc8,2023-08-25 00:31:12,1100
ACC_d5b3989a2abd,2023-11-29 17:48:09,1004
ACC_6af9486b657a,2023-05-06 09:38:59,1211
ACC_cf7a74ae67ad,2025-04-11 15:50:21,505
ACC_bb6ca995c376,2022-08-21 09:31:16,1469
ACC_7bcae33d95cf,2026-04-17 16:41:39,134
ACC_4208fe3e4dc2,2023-07-29 06:11:14,1127
ACC_d267ec18ed20,2022-12-05 16:38:04,1363
ACC_8f7032628ea7,2023-12-03 02:10:21,1000
ACC_aa617102b5f3,2022-11-14 17:05:10,1384
ACC_45af7814173f,2022-04-08 15:53:00,1604
ACC_76deb011c995,2022-03-03 02:06:52,1640
ACC_d517ce8b9fe4,2023-01-27 07:16:46,1310
ACC_528c4fefe802,2024-04-11 12:22:44,870
ACC_2fc0faf94234,2026-07-03 06:20:00,57
ACC_a7bf9ef15ffe,2024-02-12 11:32:43,929
ACC_8cd1145c9a2d,2025-05-25 04:50:05,461
ACC_a9556f03b617,2022-09-20 03:39:38,1439
ACC_1409c3106697,2025-08-24 23:50:00,370
ACC_520f9d99d818,2024-03-31 13:51:44,881
ACC_a41b47638b63,2025-01-31 08:23:25,575
ACC_18d73d269f9b,2023-12-23 15:19:38,980
ACC_01deaf4c0d88,2025-12-01 17:05:25,271
ACC_eaca487a9355,2026-04-03 11:07:25,148
ACC_b06df833e51b,2025-11-10 23:13:12,292
ACC_23297bcb8b7e,2025-05-20 20:50:49,466
ACC_5f12121c54bb,2022-05-06 17:21:33,1576
ACC_acead81a44a4,2021-12-31 15:24:55,1702
ACC_b5aa72360259,2025-05-03 01:34:19,483
ACC_4a732fc109d8,2024-05-27 05:13:08,824
ACC_a679bd32dcab,2023-10-16 15:57:50,1048
ACC_038551c08fdb,2021-11-18 03:48:23,1745
ACC_36cd2c7b034b,2022-06-09 13:00:22,1542
ACC_9a105ae3b4fb,2023-08-11 01:01:17,1114
ACC_8fa0492772f7,2026-07-21 21:08:02,39
ACC_bfc2a6b092d2,2026-08-27 22:14:19,2
ACC_d1da4d595b74,2021-11-02 06:04:23,1761
ACC_c5eb3b724d2f,2023-12-15 03:22:42,988
ACC_3810609a8e3c,2026-07-25 03:16:10,35
ACC_bf4d00ee7609,2022-01-01 19:04:15,1701
ACC_2fff422a70bb,2023-02-25 02:20:51,1281
ACC_4a92b23da024,2025-08-30 14:15:50,364
ACC_4c0ba1031041,2026-01-28 03:55:42,213
ACC_68dee65bb322,2025-06-03 18:11:38,452
ACC_011f9e6a8330,2024-01-11 00:02:15,961
ACC_ca5fcf27afdf,2023-03-16 15:59:28,1262
ACC_bea1cc08e325,2026-08-22 08:31:12,7
ACC_20e23a3ef51c,2025-05-15 01:07:12,471
ACC_c8c04b28d032,2025-11-04 12:54:47,298
ACC_ce86e24a88e2,2022-06-09 06:42:24,1542
ACC_649085d62b6e,2025-08-29 01:41:43,365
ACC_6708d5e5ab1e,2024-08-14 21:02:13,745
ACC_4b5be14933b3,2025-02-18 11:49:15,557
ACC_ebea37397956,2024-06-30 08:27:19,790
ACC_4bf2bc812a95,2024-05-23 07:01:07,828
ACC_83f3351a0489,2022-07-20 18:42:44,1501
ACC_21ac1bda0509,2023-01-11 11:09:01,1326
ACC_c2b4c600c432,2024-06-19 11:07:25,801
ACC_13197a7a4de2,2025-02-28 17:39:45,547
ACC_fc0eb78eb136,2025-11-16 04:01:41,286
ACC_2f8a46873910,2024-02-11 06:15:23,930
ACC_fa24635aa215,2025-01-24 23:03:50,582
ACC_4084e974114c,2026-05-04 21:21:23,117
ACC_f3628f69c492,2021-12-21 19:30:59,1712
ACC_84a8891f3cbe,2025-07-12 21:27:29,413
ACC_4eb167381722,2022-05-30 09:23:38,1552
ACC_8b2df67f2246,2024-05-02 23:16:44,849
ACC_b8c408aca4f0,2023-10-22 23:24:08,1042
ACC_c3476bc59e58,2024-05-30 04:13:14,821
ACC_daf7886a5522,2022-08-24 22:55:15,1466
ACC_2c364c5fe3fa,2025-02-05 12:39:23,570
ACC_5bd85c1d8639,2026-01-14 14:15:27,227
ACC_aa53e07c0ec2,2021-09-02 09:00:34,1822
ACC_3bd1c8f51766,2026-04-11 13:53:26,140
ACC_c46769163bfe,2025-08-04 02:37:59,390
ACC_a1db96690ef5,2025-03-05 17:09:09,542
ACC_bac30bc36573,2022-02-14 04:55:46,1657
ACC_f434bebbf1fc,2023-04-04 14:20:53,1243
ACC_1c9cc08f7777,2026-01-26 12:49:23,215
ACC_52d57634079b,2024-09-26 19:24:15,702
ACC_819b5cd08ea7,2025-11-25 13:31:10,277
ACC_4599908d52e6,2025-06-03 04:08:32,452
ACC_c8d7b226f7b5,2022-02-06 03:37:59,1665
ACC_94f9dbb9fa2b,2023-05-24 05:34:57,1193
ACC_ea314a861afd,2023-12-07 12:20:11,996
ACC_2a6fefe1c646,2026-05-02 03:57:53,119
ACC_d0fcf38729d3,2022-10-10 20:14:03,1419
ACC_690f5bcde205,2024-02-10 16:11:23,931
ACC_539c045fe1c8,2025-05-21 23:29:00,465
ACC_464071d4aae5,2025-10-13 17:54:40,320
ACC_f17a5f4758ba,2022-09-11 01:21:55,1448
ACC_b107f18dd9f1,2021-11-27 11:50:29,1736
ACC_cee3f396e12f,2023-09-12 06:29:31,1082
ACC_44f009d2acc9,2023-01-03 20:42:43,1334
ACC_bdd62ae52d2b,2024-04-21 06:23:23,860
ACC_c8b1231656d6,2026-05-07 04:42:49,114
ACC_540e078f9cb7,2021-10-11 06:49:19,1783
ACC_1ba916e89e3d,2026-05-11 14:01:47,110
ACC_acccb209ac6e,2025-02-17 09:10:15,558
ACC_af99aafb6695,2022-06-15 09:21:43,1536
ACC_2d7882cfb903,2023-07-28 22:04:30,1128
ACC_a6f7e572efbb,2022-08-17 07:27:15,1473
ACC_f2345c10c7b2,2025-08-02 11:13:42,392
ACC_0c45cf1fd972,2022-08-29 18:05:26,1461
ACC_ff77b93dbed9,2022-12-21 04:05:56,1347
ACC_c01875279938,2025-11-25 04:45:03,277
ACC_028a06496144,2024-02-22 13:57:18,919
ACC_8e2a0ec17b93,2025-12-27 19:25:39,245
ACC_daa2479a5537,2023-12-27 07:13:04,976
ACC_06faaaa92db8,2025-03-12 16:23:06,535
ACC_82b348b5ef99,2025-10-06 20:57:21,327
ACC_01ba4ee3e751,2025-09-04 22:26:20,359
ACC_cc5daaabbc53,2023-09-26 01:04:24,1068
ACC_92a1d55dbff7,2025-07-18 23:38:52,407
ACC_63ef531ca11c,2026-05-08 12:29:00,113
ACC_ed0952cbc34f,2022-11-22 04:28:00,1376
ACC_15fb19fde6a2,2024-12-03 13:25:35,634
ACC_9ca53e3f3067,2023-04-14 00:07:09,1233
ACC_3780329c9c3b,2025-12-25 20:22:03,247
ACC_ee5c1a051649,2022-10-27 21:58:47,1402
ACC_96b322ac5727,2022-04-03 16:35:49,1609
ACC_06bc6add2981,2024-01-05 01:40:45,967
ACC_c42064bee61e,2025-03-10 23:31:46,537
ACC_409a4a447e5c,2024-07-20 18:06:52,770
ACC_6034c163f741,2025-12-24 06:50:43,248
ACC_19f1c1f93947,2023-12-07 21:01:02,996
ACC_f32e32f7decd,2021-09-06 18:27:34,1818
ACC_bbdc2469fbf0,2024-01-25 13:10:59,947
ACC_0eaceb6d738d,2024-03-14 09:07:03,898
ACC_6e7cd71b2d3e,2026-08-27 08:25:42,2
ACC_6d4f5975ee9b,2026-08-05 13:24:04,24
ACC_9f4bb0b1c9f9,2025-10-29 01:24:36,304
ACC_a37ed918b9b0,2022-12-04 11:15:26,1364
ACC_cdbd972366fa,2025-06-17 04:10:01,438
ACC_6424edbe0663,2026-03-30 02:39:31,152
ACC_975f5c927cb3,2025-10-12 14:17:29,321
ACC_8dfb61d02871,2024-08-06 01:29:11,753
ACC_04646ed8c04e,2024-06-27 15:41:58,793
ACC_6e3640308299,2026-05-10 13:07:31,111
ACC_f771e21d3f8f,2026-04-14 04:15:45,137
ACC_630c7dbbc1a3,2024-11-13 18:00:01,654
ACC_873532e9a2e1,2025-07-14 12:08:07,411
ACC_7983e87df899,2024-05-25 12:38:17,826
ACC_e0c0f74bac05,2023-04-07 22:07:13,1240
ACC_bf65dd16083b,2023-09-10 17:48:43,1084
ACC_c1a90aa3f4ff,2026-07-11 07:30:09,49
ACC_1a8737ea46e8,2024-12-01 15:33:22,636
ACC_95c8c8e723e8,2023-08-25 10:51:28,1100
ACC_94a94ec23fb2,2025-02-26 00:47:29,549
ACC_f931c7e1dd8c,2022-01-12 09:45:30,1690
ACC_a4695590abdb,2024-05-14 08:07:35,837
ACC_3218854d4df6,2025-09-07 06:50:42,356
ACC_cb012d115de5,2024-11-26 05:50:05,641
ACC_6b307edc09d6,2024-12-11 07:17:53,626
ACC_092f078a1b46,2022-12-15 08:58:28,1353
ACC_a491c7aa303b,2025-11-15 17:33:38,287
ACC_2f38d8506fb2,2021-12-22 19:33:45,1711
ACC_2916780246b1,2022-09-26 00:47:02,1433
ACC_af4da182c876,2025-12-07 08:43:21,265
ACC_162a5e29ceda,2024-06-26 06:29:57,794
ACC_ea2c03db0623,2022-07-07 14:54:24,1514
ACC_03c19e2e60e3,2025-05-28 18:47:26,458
ACC_66017fbb7cd7,2022-07-05 14:13:23,1516
ACC_72363c255f4d,2026-02-18 20:56:06,192
ACC_4ebd041a058f,2025-07-19 10:12:25,406
ACC_da3422778956,2021-10-16 11:34:47,1778
ACC_494a5bd976da,2022-11-20 16:11:12,1378
ACC_704d996b1525,2025-02-23 13:24:04,552
ACC_f882148455ef,2022-12-22 09:11:12,1346
ACC_6d960c6aa20c,2022-04-19 06:46:43,1593
ACC_17b3b7566c4b,2025-08-27 10:56:11,367
ACC_97823aed5902,2023-12-01 04:42:39,1002
ACC_0ce51cc13f5c,2024-07-16 16:08:07,774
ACC_148223cbd23c,2025-01-15 17:41:05,591
ACC_512566321fc0,2022-05-06 07:55:27,1576
ACC_7762fa264492,2024-06-15 14:48:20,805
ACC_5d7201df983a,2026-03-14 16:56:37,168
ACC_109943d13eef,2024-11-22 10:44:03,645
ACC_9577343eba51,2024-05-09 15:08:49,842
ACC_209e1d82d711,2025-10-23 19:10:52,310
ACC_23f466f43909,2026-04-06 16:15:28,145
ACC_3a879ebe3e74,2021-12-19 08:00:39,1714
ACC_197e096bb003,2022-03-30 09:00:02,1613
ACC_aa78ea1dff04,2023-08-29 04:55:05,1096
